<?xml version="1.0" encoding="windows-1252" ?>
<!-- 
 This file is used to map HTML AWR report section headings to 
 classes in the java code.
 The structure of each section is:
  <classMapping>
      <sectionHeader></sectionHeader>
      <className></className>
  /classMapping>
  
  The main difference between the classes is which column is used as the searchable key.
  
  AWRWaitSection    Uses the wait name in the first column.
  AWRSQLSection     Uses the sqlid. Column is determined by the SQL Id heading 
  AWRSegmentSection Uses the segment name in the first column
  AWRSection        Generic. Uses the first column.
  
  As it stands, only H3 headers qualify as a section.
-->
<classList>
        <classMapping><sectionHeader>Cache Sizes</sectionHeader>
            <className>com.chrysaetos.tools.SPHeaderCacheSection</className>
            <headerRowCount>1</headerRowCount>
            <columnCount>1</columnCount>
            <terminatingText>nothing</terminatingText>
            <sectionTitle>Cache Sizes</sectionTitle>
        </classMapping>
        <classMapping><sectionHeader>Foreground Wait Events</sectionHeader>
            <className>com.chrysaetos.tools.SPWaitEventSection</className>
            <headerRowCount>8</headerRowCount>
            <columnCount>7</columnCount>
            <terminatingText>nothing</terminatingText>
            <sectionTitle>Foreground Wait Events</sectionTitle>
        </classMapping>

        <classMapping><sectionHeader>Background Wait Events</sectionHeader>
            <className>com.chrysaetos.tools.SPWaitEventSection</className>
            <headerRowCount>8</headerRowCount>
            <columnCount>7</columnCount>
            <terminatingText>nothing</terminatingText>
            <sectionTitle>Background Wait Events</sectionTitle>
        </classMapping>

        <classMapping><sectionHeader>Wait Events</sectionHeader>
            <className>com.chrysaetos.tools.SPWaitEventSection</className>
            <headerRowCount>10</headerRowCount>
            <columnCount>7</columnCount>
            <terminatingText>nothing</terminatingText>
            <sectionTitle>Wait Events (fg and bg)</sectionTitle>
        </classMapping>

        <classMapping><sectionHeader>Wait Event Histogram</sectionHeader>
            <className>com.chrysaetos.tools.SPWaitEventSection</className>
            <headerRowCount>9</headerRowCount>
            <columnCount>10</columnCount>
            <terminatingText>nothing</terminatingText>
            <sectionTitle>Wait Event Histogram</sectionTitle>
        </classMapping>

        <classMapping><sectionHeader>Load Profile</sectionHeader>
            <className>com.chrysaetos.tools.SPHeaderLoadSection</className>
            <headerRowCount>2</headerRowCount>
            <columnCount>5</columnCount>
            <terminatingText>nothing</terminatingText>
            <sectionTitle>Cache Sizes</sectionTitle>
        </classMapping>
        <classMapping><sectionHeader>Snapshot</sectionHeader>
            <className>com.chrysaetos.tools.SPHeaderSnapshotSection</className>
            <headerRowCount>2</headerRowCount>
            <columnCount>5</columnCount>
            <terminatingText>nothing</terminatingText>
            <sectionTitle>Snapshot</sectionTitle>
        </classMapping>
        <classMapping><sectionHeader>Host</sectionHeader>
            <className>com.chrysaetos.tools.SPHeaderHostSection</className>
            <headerRowCount>2</headerRowCount>
            <columnCount>5</columnCount>
            <terminatingText>nothing</terminatingText>
            <sectionTitle>Host</sectionTitle>
        </classMapping>
        <classMapping><sectionHeader>Database</sectionHeader>
            <className>com.chrysaetos.tools.SPHeaderDatabaseSection</className>
            <headerRowCount>2</headerRowCount>
            <columnCount>5</columnCount>
            <terminatingText>nothing</terminatingText>
            <sectionTitle>Database</sectionTitle>
        </classMapping>
        <classMapping><sectionHeader>Instance Efficiency Indicators</sectionHeader>
            <className>com.chrysaetos.tools.SPHeaderEfficiencySection</className>
            <headerRowCount>1</headerRowCount>
            <columnCount>1</columnCount>
            <terminatingText>nothing</terminatingText>
            <sectionTitle>Cache Sizes</sectionTitle>
        </classMapping>
        <classMapping><sectionHeader>Host CPU</sectionHeader>
            <className>com.chrysaetos.tools.SPHostCPUSection</className>
            <headerRowCount>4</headerRowCount>
            <columnCount>7</columnCount>
            <terminatingText>nothing</terminatingText>
            <sectionTitle>Load Average</sectionTitle>
        </classMapping>
        <!--
        Instance CPU
        -->
        <classMapping><sectionHeader>Instance CPU</sectionHeader>
            <className>com.chrysaetos.tools.SPInstanceCPUSection</className>
            <headerRowCount>3</headerRowCount>
            <columnCount>3</columnCount>
            <terminatingText>nothing</terminatingText>
            <sectionTitle>Instance CPU</sectionTitle>
<tableHeaders><![CDATA[
<th class="awrbg" scope="col">
&nbsp;
</th>
<th class="awrbg" scope="col">
%</th>
<th class="awrbg" scope="col">
Time (seconds)</th>
 ]]> </tableHeaders>
        </classMapping>
        <!--
        Memory Statistics
        -->
        <classMapping><sectionHeader>Memory Statistics                       Begin          End</sectionHeader>
            <className>com.chrysaetos.tools.SPInstanceCPUSection</className>
            <headerRowCount>2</headerRowCount>
            <columnCount>3</columnCount>
            <terminatingText>nothing</terminatingText>
            <sectionTitle>Memory Statistics</sectionTitle>
<tableHeaders><![CDATA[
<th class="awrbg" scope="col">
&nbsp;
</th>
<th class="awrbg" scope="col">
Begin</th>
<th class="awrbg" scope="col">
End</th>
 ]]> </tableHeaders>
        </classMapping>
        <classMapping><sectionHeader>Top 5 Timed Events</sectionHeader>
            <className>com.chrysaetos.tools.SPHeaderTop5Section</className>
            <headerRowCount>1</headerRowCount>
            <columnCount>1</columnCount>
            <terminatingText>nothing</terminatingText>
            <sectionTitle>Cache Sizes</sectionTitle>
        </classMapping>
        <!--
         Tablespace IO Stats
         -->
        <classMapping><sectionHeader>Tablespace IO Stats</sectionHeader>
            <className>com.chrysaetos.tools.SPTBSIOStatsSection</className>
            <headerRowCount>8</headerRowCount>
            <columnCount>9</columnCount>
            <terminatingText>nothing</terminatingText>
            <sectionTitle>Tablespace IO Stats</sectionTitle>
<tableHeaders><![CDATA[
<th class="awrbg" scope="col">
Tablespace
</th>
<th class="awrbg" scope="col">
Reads</th>
<th class="awrbg" scope="col">
Av <br/>Reads/s</th>
<th class="awrbg" scope="col">
Av <br/>Rd(ms)</th>
<th class="awrbg" scope="col">
Av <br/>Rd<br/>Bkt</th>
<th class="awrbg" scope="col">
Av <br/>Blks/Rd</th>
<th class="awrbg" scope="col">
Writes</th>
<th class="awrbg" scope="col">
Av <br/>Writes/s</th>
<th class="awrbg" scope="col">
Buffer<br/>Waits</th>
<th class="awrbg" scope="col">
Av Buf<br/>Wt (ms)</th>
 ]]> </tableHeaders>

        </classMapping>
        <!--
         File IO Stats
         -->
        <classMapping><sectionHeader>File IO Stats</sectionHeader>
            <className>com.chrysaetos.tools.SPFileIOStatsSection</className>
            <headerRowCount>10</headerRowCount>
            <columnCount>9</columnCount>
            <terminatingText>nothing</terminatingText>
            <sectionTitle>File IO Stats</sectionTitle>
<tableHeaders><![CDATA[
<th class="awrbg" scope="col">
Tablespace/<<br>File
</th>
<th class="awrbg" scope="col">
Reads</th>
<th class="awrbg" scope="col">
Av <br/>Reads/s</th>
<th class="awrbg" scope="col">
Av <br/>Rd(ms)</th>
<th class="awrbg" scope="col">
Av <br/>Blks/Rd</th>
<th class="awrbg" scope="col">
Writes</th>
<th class="awrbg" scope="col">
Av <br/>Writes/s</th>
<th class="awrbg" scope="col">
Buffer<br/>Waits</th>
<th class="awrbg" scope="col">
Av Buf<br/>Wt (ms)</th>
 ]]> </tableHeaders>

        </classMapping>

        <classMapping><sectionHeader>Shared Pool Statistics</sectionHeader>
            <className>com.chrysaetos.tools.SPHeaderSharedPoolSection</className>
            <headerRowCount>1</headerRowCount>
            <columnCount>1</columnCount>
            <terminatingText>nothing</terminatingText>
            <sectionTitle>Cache Sizes</sectionTitle>
        </classMapping>
        <classMapping><sectionHeader>Time Model System Stats</sectionHeader>
            <className>com.chrysaetos.tools.SPTimeModelSection</className>
            <headerRowCount>5</headerRowCount>
            <columnCount>0</columnCount>
            <terminatingText>nothing</terminatingText>
            <sectionTitle>Time Model Statistics</sectionTitle>
            <sectionTitle>Cache Sizes</sectionTitle>
        </classMapping>
        
<!--
   Memory Dynamic Components
-->
        <classMapping><sectionHeader>Memory Dynamic Components</sectionHeader>
            <className>com.chrysaetos.tools.SPInstanceStatsSection</className>
            <headerRowCount>8</headerRowCount>
            <columnCount>7</columnCount>
            <terminatingText>nothing</terminatingText>
            <sectionTitle>Memory Dynamic Components</sectionTitle>
<tableHeaders><![CDATA[
<th class="awrbg" scope="col">
Cache
</th>
<th class="awrbg" scope="col">
Begin Snap<br/> Size (M)
</th>
<th class="awrbg" scope="col">
End Snap<br/> Size (M)</th>
<th class="awrbg" scope="col">
Op<br/> Count
</th>
<th class="awrbg" scope="col">
Last Op<br/>Type/Mode
</th>
<th class="awrbg" scope="col">
Last Op Time
</th>
 ]]> </tableHeaders>

        </classMapping>
<!--
   Buffer wait Statistics
   Class                        Waits Total Wait Time (s) Avg Time (ms)

-->
        <classMapping><sectionHeader>Buffer wait Statistics</sectionHeader>
            <className>com.chrysaetos.tools.SPInstanceStatsSection</className>
            <headerRowCount>5</headerRowCount>
            <columnCount>4</columnCount>
            <terminatingText>nothing</terminatingText>
            <sectionTitle>Buffer wait Statistics</sectionTitle>
<tableHeaders><![CDATA[
<th class="awrbg" scope="col">
Class
</th>
<th class="awrbg" scope="col">
Waits<br/> Size (M)
</th>
<th class="awrbg" scope="col">
Total Wait Time (s)</th>
<th class="awrbg" scope="col">
Avg Time (ms)
</th>
 ]]> </tableHeaders>

        </classMapping>
<!--
   Buffer Pool Statistics
                                                            Free Writ     Buffer
            Pool         Buffer     Physical    Physical  Buffer Comp       Busy
P   Buffers Hit%           Gets        Reads      Writes   Waits Wait      Waits

-->
        <classMapping><sectionHeader>Buffer Pool Statistics</sectionHeader>
            <className>com.chrysaetos.tools.SPInstanceStatsSection</className>
            <headerRowCount>9</headerRowCount>
            <columnCount>9</columnCount>
            <terminatingText>nothing</terminatingText>
            <sectionTitle>Buffer Pool Statistics</sectionTitle>
<tableHeaders><![CDATA[
<th class="awrbg" scope="col">
P
</th>
<th class="awrbg" scope="col">
Buffers
</th>
<th class="awrbg" scope="col">
Pool<br/>Hit%</th>
<th class="awrbg" scope="col">
Physical<br>Reads
</th>
<th class="awrbg" scope="col">
Buffer<br>Gets
</th>
<th class="awrbg" scope="col">
Physical<br/>Writes
</th>
<th class="awrbg" scope="col">
Free<br/>Buffer<br/>Waits
</th>
<th class="awrbg" scope="col">
Writ<br>Comp<br/>Wait
</th>
<th class="awrbg" scope="col">
Buffer<br/>Busy<br/>Waits
</th>
 ]]> </tableHeaders>

        </classMapping>
<!--
   Buffer Pool Advisory
                                                            Free Writ     Buffer
                                   Est
                                  Phys      Estimated                   Est
    Size for  Size      Buffers   Read     Phys Reads     Est Phys % dbtime
P    Est (M) Factr  (thousands)  Factr    (thousands)    Read Time  for Rds

-->
        <classMapping><sectionHeader>Buffer Pool Advisory</sectionHeader>
            <className>com.chrysaetos.tools.SPInstanceStatsSection</className>
            <headerRowCount>9</headerRowCount>
            <columnCount>8</columnCount>
            <terminatingText>nothing</terminatingText>
            <sectionTitle>Buffer Pool Advisory</sectionTitle>
<tableHeaders><![CDATA[
<th class="awrbg" scope="col">
P
</th>
<th class="awrbg" scope="col">
Size for<br/>Est (M)
</th>
<th class="awrbg" scope="col">
Size<br/>Factr
</th>
<th class="awrbg" scope="col">
Buffers<br/>(thousands)
</th>
<th class="awrbg" scope="col">
Est<br/>Phys<br/>Read<br/>Factor
</th>
<th class="awrbg" scope="col">
Est<br/>Phys Reads<br/>(thousands)
</th>
<th class="awrbg" scope="col">
Est Phys<br/> Read time
</th>
<th class="awrbg" scope="col">
Est<br/>% dbtime<br/>for Rds
</th>
 ]]> </tableHeaders>

        </classMapping>
<!--
   Memory Target Advice

                Memory Size     Est.     Advice
Memory Size (M)      Factor DB time (s)  Reset

-->
        <classMapping><sectionHeader>Memory Target Advice</sectionHeader>
            <className>com.chrysaetos.tools.SPInstanceStatsSection</className>
            <headerRowCount>9</headerRowCount>
            <columnCount>4</columnCount>
            <terminatingText>nothing</terminatingText>
            <sectionTitle>Memory Target Advice</sectionTitle>
<tableHeaders><![CDATA[
<th class="awrbg" scope="col">
Memory Size (M)
</th>
<th class="awrbg" scope="col">
Memory Sizer<br/>Factor
</th>
<th class="awrbg" scope="col">
Est<br/>DB time (s)
</th>
<th class="awrbg" scope="col">
Advice<br/>Reset
</th>
 ]]> </tableHeaders>

        </classMapping>
<!--
   Instance Recovery Stats


  Targt Estd                                  Log File  Log Ckpt    Log Ckpt
  MTTR  MTTR   Recovery   Actual    Target      Size     Timeout    Interval
   (s)   (s)   Estd IOs  Redo Blks Redo Blks Redo Blks  Redo Blks  Redo Blks

-->
        <classMapping><sectionHeader>Instance Recovery Stats</sectionHeader>
            <className>com.chrysaetos.tools.SPInstanceStatsSection</className>
            <headerRowCount>7</headerRowCount>
            <columnCount>9</columnCount>
            <terminatingText>nothing</terminatingText>
            <sectionTitle>Instance Recovery Stats</sectionTitle>
<tableHeaders><![CDATA[
<th class="awrbg" scope="col">
nbsp;
</th>
<th class="awrbg" scope="col">
Targt<br/>MTTR<br/>(s)
</th>
<th class="awrbg" scope="col">
Est<br/>MTTR<br/>(s)
</th>
<th class="awrbg" scope="col">
Recovery<br/>Estd IOs
</th>
<th class="awrbg" scope="col">
Actual<br/>Redo Blks
</th>
<th class="awrbg" scope="col">
Target<br/>Redo Blks
</th>
<th class="awrbg" scope="col">
Log File<br/>Size<br/>Redo Blks
</th>
<th class="awrbg" scope="col">
Log Ckpt<br/>Timeout<br/>Redo Blks
</th>
<th class="awrbg" scope="col">
Log Ckpt<br/>Interval<br/>Redo Blks
</th>
 ]]> </tableHeaders>

        </classMapping>

<!--
   Undo Segment Stats


                Num Undo    Number of Max Qry  Max Tx Tun Ret STO/  uS/uR/uU/
End Time          Blocks Transactions Len (s)   Concy  (mins) OOS   eS/eR/eU

-->
        <classMapping><sectionHeader>Undo Segment Stats</sectionHeader>
            <className>com.chrysaetos.tools.SPInstanceStatsSection</className>
            <headerRowCount>6</headerRowCount>
            <columnCount>8</columnCount>
            <!-- should be 8. 9 is temporary hack to cope with failure to parse dates 
            (DD-Mon HH:MI) as a single column -->
            <terminatingText>nothing</terminatingText>
            <sectionTitle>Undo Segment Stats</sectionTitle>
<tableHeaders><![CDATA[
<th class="awrbg" scope="col">
End Time
</th>
<th class="awrbg" scope="col">
Num Undo<br/>Blocks(s)
</th>
<th class="awrbg" scope="col">
Number of<br/>Transactions
</th>
<th class="awrbg" scope="col">
Max Qry<br/>Len (s)
</th>
<th class="awrbg" scope="col">
Max Tx<br/>Concy
</th>
<th class="awrbg" scope="col">
Tun Ret<br/>(mins)
</th>
<th class="awrbg" scope="col">
STO<br/>ODS
</th>
<th class="awrbg" scope="col">
uS/uR/uU/<br/>eS/eR/eU
</th>
 ]]> </tableHeaders>

        </classMapping>
<!--
   PGA Aggr Target Stats


                Num Undo    Number of Max Qry  Max Tx Tun Ret STO/  uS/uR/uU/
End Time          Blocks Transactions Len (s)   Concy  (mins) OOS   eS/eR/eU

-->
        <classMapping><sectionHeader>PGA Aggr Target Stats</sectionHeader>
            <className>com.chrysaetos.tools.SPInstanceStatsSection</className>
            <headerRowCount>12</headerRowCount>
            <columnCount>3</columnCount>
            <!-- should be 8. 9 is temporary hack to cope with failure to parse dates 
            (DD-Mon HH:MI) as a single column -->
            <terminatingText>nothing</terminatingText>
            <sectionTitle>PGA Aggr Target Stats</sectionTitle>
<tableHeaders><![CDATA[
<th class="awrbg" scope="col">
PGA Cache Hit %
</th>
<th class="awrbg" scope="col">
W/A MB Processed Extra
</th>
<th class="awrbg" scope="col">
W/A MB Read/Written
</th>
 ]]> </tableHeaders>

        </classMapping>

<!--
   PGA Aggr Target Histogram


    Low    High
Optimal Optimal    Total Execs Optimal Execs 1-Pass Execs M-Pass Execs

-->
        <classMapping><sectionHeader>PGA Aggr Target Histogram</sectionHeader>
            <className>com.chrysaetos.tools.SPInstanceStatsSection</className>
            <headerRowCount>6</headerRowCount>
            <columnCount>6</columnCount>
            <!-- should be 8. 9 is temporary hack to cope with failure to parse dates 
            (DD-Mon HH:MI) as a single column -->
            <terminatingText>nothing</terminatingText>
            <sectionTitle>PGA Aggr Target Histogram</sectionTitle>
<tableHeaders><![CDATA[
<th class="awrbg" scope="col">
Low<br/>Optimal
</th>
<th class="awrbg" scope="col">
High<br/>Optimal</th>
<th class="awrbg" scope="col">
Total Execs
</th>
<th class="awrbg" scope="col">
Optimal Execs
</th>
<th class="awrbg" scope="col">
1-Pass Execs
</th>
<th class="awrbg" scope="col">
M-Pass Execs
</th>
 ]]> </tableHeaders>

        </classMapping>

<!--
   PGA Memory Advisory
                                   Estd Extra                Estd
  PGA Aggr                           W/A MB      Estd Time    PGA   Estd PGA
    Target   Size         W/A MB  Read/Written  to Process  Cache  Overalloc
  Est (MB)  Factr      Processed    to Disk      Bytes (s)  Hit %      Count

-->
        <classMapping><sectionHeader>PGA Memory Advisory</sectionHeader>
            <className>com.chrysaetos.tools.SPInstanceStatsSection</className>
            <headerRowCount>9</headerRowCount>
            <columnCount>7</columnCount>
            <terminatingText>nothing</terminatingText>
            <sectionTitle>PGA Memory Advisory</sectionTitle>
<tableHeaders><![CDATA[
<th class="awrbg" scope="col">
PGA Aggr<br/>Target<br/>Est (MB)
</th>
<th class="awrbg" scope="col">
Size<br/>Factor</th>
<th class="awrbg" scope="col">
W/A MB<br/>Processed
</th>
<th class="awrbg" scope="col">
Estd Extra <br/>W/A MB<br/> Read/Written<br/> to Disk</th>
<th class="awrbg" scope="col">
Estd Time <br/>to Process <br/>Bytes (s)
</th>
<th class="awrbg" scope="col">
Estd<br/> PGA<br/> Cache <br/>Hit %
</th>
<th class="awrbg" scope="col">
Estd PGA <br/>Overalloc <br/>Count
</th>
 ]]> </tableHeaders>

        </classMapping>
<!--
   Process Memory Summary Stats
                                                                  Hist   Num
                                          Avg    Std Dev   Max    Max   Procs
             Alloc     Used    Freeabl   Alloc    Alloc   Alloc  Alloc    or
  Category   (MB)      (MB)      (MB)     (MB)    (MB)    (MB)    (MB)  Allocs

-->
        <classMapping><sectionHeader>Process Memory Summary Stats</sectionHeader>
            <className>com.chrysaetos.tools.SPInstanceStatsSection</className>
            <headerRowCount>14</headerRowCount>
            <columnCount>10</columnCount>
            <terminatingText>nothing</terminatingText>
            <sectionTitle>Process Memory Summary Stats</sectionTitle>
<tableHeaders><![CDATA[
<th class="awrbg" scope="col">
&nbsp;
</th>
<th class="awrbg" scope="col">
Category
</th>
<th class="awrbg" scope="col">
Alloc<br/>(MB)
</th>
<th class="awrbg" scope="col">
Used<br/>(MB)
</th>
<th class="awrbg" scope="col">
Freeable<br/>(MB)
</th>
<th class="awrbg" scope="col">
Avg<br/>Alloc<br/>(MB)
</th>
<th class="awrbg" scope="col">
Std Dev<br/>Alloc<br/>(MB)
</th>
<th class="awrbg" scope="col">
Max<br/>Alloc<br/>(MB)
</th>
<th class="awrbg" scope="col">
Hist<br/>Max<br/>Alloc<br/>(MB)
</th>
<th class="awrbg" scope="col">
Num<br/>Procs<br/>or<br/>Allocs
</th>
 ]]> </tableHeaders>

        </classMapping>

<!--
   Top Process Memory (by component)
                                                                  Hist   Num
                                          Avg    Std Dev   Max    Max   Procs
             Alloc     Used    Freeabl   Alloc    Alloc   Alloc  Alloc    or
  Category   (MB)      (MB)      (MB)     (MB)    (MB)    (MB)    (MB)  Allocs

-->
        <classMapping><sectionHeader>Top Process Memory</sectionHeader>
            <className>com.chrysaetos.tools.SPInstanceStatsSection</className>
            <headerRowCount>14</headerRowCount>
            <columnCount>10</columnCount>
            <terminatingText>nothing</terminatingText>
            <sectionTitle>Top Process Memory (by component)</sectionTitle>
<tableHeaders><![CDATA[
<th class="awrbg" scope="col">
&nbsp;
</th>
<th class="awrbg" scope="col">
Category
</th>
<th class="awrbg" scope="col">
Alloc<br/>(MB)
</th>
<th class="awrbg" scope="col">
Used<br/>(MB)
</th>
<th class="awrbg" scope="col">
Freeable<br/>(MB)
</th>
<th class="awrbg" scope="col">
Avg<br/>Alloc<br/>(MB)
</th>
<th class="awrbg" scope="col">
Std Dev<br/>Alloc<br/>(MB)
</th>
<th class="awrbg" scope="col">
Max<br/>Alloc<br/>(MB)
</th>
<th class="awrbg" scope="col">
Hist<br/>Max<br/>Alloc<br/>(MB)
</th>
<th class="awrbg" scope="col">
Num<br/>Procs<br/>or<br/>Allocs
</th>
 ]]> </tableHeaders>

        </classMapping>

<!--
   Undo Segment Summary
Undo   Num Undo       Number of  Max Qry     Max Tx Min/Max   STO/  uS/uR/uU/
 TS# Blocks (K)    Transactions  Len (s)      Concy TR (mins) OOS   eS/eR/eU

-->
        <classMapping><sectionHeader>Undo Segment Summary</sectionHeader>
            <className>com.chrysaetos.tools.SPInstanceStatsSection</className>
            <headerRowCount>10</headerRowCount>
            <columnCount>8</columnCount>
            <terminatingText>nothing</terminatingText>
            <sectionTitle>Undo Segment Summary</sectionTitle>
<tableHeaders><![CDATA[
<th class="awrbg" scope="col">
Undo<br/>TS#</th>
<th class="awrbg" scope="col">
Num Undo<br/>Blocks (K)</th>
</th>
<th class="awrbg" scope="col">
Number of<br/>Transactions
</th>
<th class="awrbg" scope="col">
Max Qry<br/>Len (s)
</th>
<th class="awrbg" scope="col">
Max Tx<br/>Concy
</th>
<th class="awrbg" scope="col">
Min/Max<br/>TR (mins)
</th>
<th class="awrbg" scope="col">
STO<br/>OOS)
</th>
<th class="awrbg" scope="col">
uS/uR/uU<br/>eS/eR/eU
</th>
 ]]> </tableHeaders>

        </classMapping>

<!--
   Mutex Sleep

Mutex Type         Location                                 Sleeps     Time (s)

-->
        <classMapping><sectionHeader>Mutex Sleep</sectionHeader>
            <className>com.chrysaetos.tools.SPInstanceStatsSection</className>
            <headerRowCount>6</headerRowCount>
            <columnCount>4</columnCount>
            <terminatingText>nothing</terminatingText>
            <sectionTitle>Mutex Sleep</sectionTitle>
<tableHeaders><![CDATA[
<th class="awrbg" scope="col">
Mutex Type</th>
<th class="awrbg" scope="col">
Location
</th>
<th class="awrbg" scope="col">
Sleeps
</th>
<th class="awrbg" scope="col">
Time (s)
</th>
 ]]> </tableHeaders>

        </classMapping>
<!--
    Dictionary Cache Stats

                                   Get    Pct    Scan   Pct      Mod      Final
Cache                         Requests   Miss    Reqs  Miss     Reqs      Usage

-->
        <classMapping><sectionHeader>Dictionary Cache Stats</sectionHeader>
            <className>com.chrysaetos.tools.SPInstanceStatsSection</className>
            <headerRowCount>7</headerRowCount>
            <columnCount>7</columnCount>
            <terminatingText>nothing</terminatingText>
            <sectionTitle>Dictionary Cache Stats</sectionTitle>
<tableHeaders><![CDATA[
<th class="awrbg" scope="col">
Cache
</th>
<th class="awrbg" scope="col">
Get<br/> Requests
</th>
<th class="awrbg" scope="col">
Pct<br/> Miss
</th>
<th class="awrbg" scope="col">
Scan<br/> Reqs
</th>
<th class="awrbg" scope="col">
Pct<br/> Miss
</th>
<th class="awrbg" scope="col">
Mod<br/> Reqs
</th>
<th class="awrbg" scope="col">
Final<br/> Usage
</th>
 ]]> </tableHeaders>

        </classMapping>
<!--
    Library Cache Activity

                         Get  Pct        Pin        Pct               Invali-
Namespace           Requests  Miss     Requests     Miss     Reloads  dations

-->
        <classMapping><sectionHeader>Library Cache Activity</sectionHeader>
            <className>com.chrysaetos.tools.SPInstanceStatsSection</className>
            <headerRowCount>6</headerRowCount>
            <columnCount>7</columnCount>
            <terminatingText>nothing</terminatingText>
            <sectionTitle>Library Cache Activity</sectionTitle>
<tableHeaders><![CDATA[
<th class="awrbg" scope="col">
Namespace
</th>
<th class="awrbg" scope="col">
Get<br/> Requests
</th>
<th class="awrbg" scope="col">
Pct<br/> Miss
</th>
<th class="awrbg" scope="col">
Pin<br/> Requests
</th>
<th class="awrbg" scope="col">
Pct<br/> Miss
</th>
<th class="awrbg" scope="col">
Reloads</th>
<th class="awrbg" scope="col">
Invali-<br/>dations
</th>
 ]]> </tableHeaders>

        </classMapping>
<!--
    Rule Sets

Rule                                *     Eval/sec Reloads/sec Eval % Eval %

-->
        <classMapping><sectionHeader>Rule Sets</sectionHeader>
            <className>com.chrysaetos.tools.SPInstanceStatsSection</className>
            <headerRowCount>7</headerRowCount>
            <columnCount>6</columnCount>
            <terminatingText>nothing</terminatingText>
            <sectionTitle>Rule Sets</sectionTitle>
<tableHeaders><![CDATA[
<th class="awrbg" scope="col">
Rule
</th>
<th class="awrbg" scope="col">
*
</th>
<th class="awrbg" scope="col">
Eval/sec
</th>
<th class="awrbg" scope="col">
Reloads/sec
</th>
<th class="awrbg" scope="col">
NO-SQL<br/>Eval %
</th>
<th class="awrbg" scope="col">
SQL<br/>Eval %
</th>
 ]]> </tableHeaders>

        </classMapping>

<!--
    Shared Pool Advisory

                                        Est LC Est LC  Est LC Est LC
    Shared    SP   Est LC                 Time   Time    Load   Load      Est LC
      Pool  Size     Size       Est LC   Saved  Saved    Time   Time         Mem
  Size (M) Factr      (M)      Mem Obj     (s)  Factr     (s)  Factr    Obj Hits

-->
        <classMapping><sectionHeader>Shared Pool Advisory</sectionHeader>
            <className>com.chrysaetos.tools.SPInstanceStatsSection</className>
            <headerRowCount>12</headerRowCount>
            <columnCount>9</columnCount>
            <terminatingText>nothing</terminatingText>
            <sectionTitle>Shared Pool Advisory</sectionTitle>
<tableHeaders><![CDATA[
<th class="awrbg" scope="col">
Shared<br/> Pool<br/> Size (M)
</th>
<th class="awrbg" scope="col">
SP <br/>Size<br/> Factor
</th>
<th class="awrbg" scope="col">
Est LC<br/> Size<br/> (M)
</th>
<th class="awrbg" scope="col">
Est LC<br/> Mem Obj
</th>
<th class="awrbg" scope="col">
Est LC<br/> Time<br/> Saved<br/> (s)
</th>
<th class="awrbg" scope="col">
Est LC<br/> Time<br/> Saved<br/> Factr
</th>
<th class="awrbg" scope="col">
Est LC<br/> Load<br/> Time<br/> (s)
</th>
<th class="awrbg" scope="col">
Est LC<br/> Load<br/> Time<br/> Factor
</th>
<th class="awrbg" scope="col">
Est LC<br/> Mem<br/> Obj Hits
</th>
 ]]> </tableHeaders>

        </classMapping>
<!--
    SGA Target Advisory

SGA Target SGA Size   Est DB      Est DB   Est Physical
  Size (M)   Factor Time (s) Time Factor          Reads

-->
        <classMapping><sectionHeader>SGA Target Advisory</sectionHeader>
            <className>com.chrysaetos.tools.SPInstanceStatsSection</className>
            <headerRowCount>5</headerRowCount>
            <columnCount>5</columnCount>
            <terminatingText>nothing</terminatingText>
            <sectionTitle>SGA Target Advisory</sectionTitle>
<tableHeaders><![CDATA[
<th class="awrbg" scope="col">
SGA Target<br/>Size (M)
</th>
<th class="awrbg" scope="col">
SGA Size<br/> Factor
</th>
<th class="awrbg" scope="col">
Est DB<br/> Time (s)
</th>
<th class="awrbg" scope="col">
Est DB<br/> Factor
</th>
<th class="awrbg" scope="col">
Est Physical<br/> Reads
</th>
 ]]> </tableHeaders>

        </classMapping>

    
<!--    
SGA Memory Summary
-->
        <classMapping><sectionHeader>SGA Memory Summary</sectionHeader>
            <className>com.chrysaetos.tools.SPInstanceStatsSection</className>
            <headerRowCount>5</headerRowCount>
            <columnCount>3</columnCount>
            <terminatingText>nothing</terminatingText>
            <sectionTitle>SGA Memory Summary</sectionTitle>
        <tableHeaders><![CDATA[<th class="awrbg" scope="col">

SGA Regions
</th>
<th class="awrbg" scope="col">
Begin Size (Bytes)
</th>
<th class="awrbg" scope="col">
End Size (Bytes)<br/> (if different)
</th>
 ]]> </tableHeaders>
        </classMapping>

<!--    
SQL Memory Statistics
                                   Begin            End         % Diff

-->
        <classMapping><sectionHeader>SQL Memory Statistics</sectionHeader>
            <className>com.chrysaetos.tools.SPInstanceStatsSection</className>
            <headerRowCount>4</headerRowCount>
            <columnCount>4</columnCount>
            <terminatingText>nothing</terminatingText>
            <sectionTitle>SQL Memory Statistics</sectionTitle>
        <tableHeaders><![CDATA[<th class="awrbg" scope="col">

SGA Regions
</th>
<th class="awrbg" scope="col">
&nbsp;
</th>
<th class="awrbg" scope="col">
Begin
</th>
<th class="awrbg" scope="col">
End
</th>
<th class="awrbg" scope="col">
% Diff
</th>

 ]]> </tableHeaders>
        </classMapping>

<!--    
init.ora Parameters
                                                                  End value
Parameter Name                Begin Parameter Name                        (if different)

-->
        <classMapping><sectionHeader>init</sectionHeader>
            <className>com.chrysaetos.tools.SPInstanceStatsSection</className>
            <headerRowCount>5</headerRowCount>
            <columnCount>3</columnCount>
            <terminatingText>nothing</terminatingText>
            <sectionTitle>init.ora Parameters</sectionTitle>
        <tableHeaders><![CDATA[
<th class="awrbg" scope="col">
Parameter Name 
</th>
<th class="awrbg" scope="col">
Begin value
</th>
<th class="awrbg" scope="col">
End value <br/>(if different)
</th>

 ]]> </tableHeaders>
        </classMapping>
<!--    
Enqueue activity

Enqueue Type (Request Reason)
    Requests    Succ Gets Failed Gets       Waits Wt Time (s)  Av Wt Time(ms)

-->
        <classMapping><sectionHeader>Enqueue activity</sectionHeader>
            <className>com.chrysaetos.tools.SPTBSIOStatsSection</className>
            <headerRowCount>9</headerRowCount>
            <columnCount>6</columnCount>
            <terminatingText>nothing</terminatingText>
            <sectionTitle>Enqueue activity</sectionTitle>
        <tableHeaders><![CDATA[
<th class="awrbg" scope="col">
Enqueue Type (Request Reason) 
</th>
<th class="awrbg" scope="col">
Requests
</th>
<th class="awrbg" scope="col">
Succ Getss
</th>
<th class="awrbg" scope="col">
Failed Gets
</th>
<th class="awrbg" scope="col">
Waits
</th>
<th class="awrbg" scope="col">
Wt Time (s)
</th>
<th class="awrbg" scope="col">
Av Wt Time (ms)
</th>

 ]]> </tableHeaders>
        </classMapping>

<!--    
SGA breakdown difference
-->
        <classMapping><sectionHeader>SGA breakdown difference</sectionHeader>
            <className>com.chrysaetos.tools.SPInstanceStatsSection</className>
            <headerRowCount>8</headerRowCount>
            <columnCount>5</columnCount>
            <terminatingText>nothing</terminatingText>
            <sectionTitle>SGA breakdown difference</sectionTitle>
        <tableHeaders><![CDATA[<th class="awrbg" scope="col">
Pool   Name                                 Begin MB         End MB  % Diff

Pool
</th>
<th class="awrbg" scope="col">
Name
</th>
<th class="awrbg" scope="col">
Begin MB
</th>
<th class="awrbg" scope="col">
End MB
</th>
<th class="awrbg" scope="col">
% Diff 
</th>
 ]]> </tableHeaders>
        </classMapping>

        <classMapping><sectionHeader>Wait Classes by Total Wait Time</sectionHeader>
            <className>com.chrysaetos.tools.AWRWaitSection</className>
            <headerRowCount>1</headerRowCount>
            <columnCount>1</columnCount>
            <terminatingText>nothing</terminatingText>
            <sectionTitle>Cache Sizes</sectionTitle>
        </classMapping>
       <classMapping><sectionHeader>SQL ordered by Elapsed time for DB</sectionHeader>
            <className>com.chrysaetos.tools.SPSQLSection</className>
            <headerRowCount>8</headerRowCount>
            <columnCount>9</columnCount>
            <terminatingText>nothing</terminatingText>
            <sectionTitle>SQL ordered by Elapsed Time</sectionTitle>
                        <tableHeaders><![CDATA[<th class="awrbg" scope="col">
Elapsed<br/>Time (s)
</th>
<th class="awrbg" scope="col">
Executions
</th>
<th class="awrbg" scope="col">
Ela per<br/>Exec (s)
</th>
<th class="awrbg" scope="col">
%Total
</th>
<th class="awrbg" scope="col">
CPU<br/>Time (s)
</th>
<th class="awrbg" scope="col">
Physical Reads
</th>
<th class="awrbg" scope="col">
Old<br/>Hash Value
</th>
<th class="awrbg" scope="col">
Module
</th>
<th class="awrbg" scope="col">
Statement
</th>
 ]]> </tableHeaders>

        </classMapping>
        <classMapping><sectionHeader>SQL ordered by CPU</sectionHeader>
            <className>com.chrysaetos.tools.SPSQLSection</className>
            <headerRowCount>8</headerRowCount>
            <columnCount>9</columnCount>
            <terminatingText>nothing</terminatingText>
            <sectionTitle>SQL ordered by CPU</sectionTitle>
            <tableHeaders><![CDATA[<th class="awrbg" scope="col">
CPU<br/>Time (s)
</th>
<th class="awrbg" scope="col">
Executions
</th>
<th class="awrbg" scope="col">
CPU per<br/>Exec (s)
</th>
<th class="awrbg" scope="col">
%Total
</th>
<th class="awrbg" scope="col">
Elapsed<br/>Time (s)
</th>
<th class="awrbg" scope="col">
Buffer Gets
</th>
<th class="awrbg" scope="col">
Old<br/>Hash Value
</th>
<th class="awrbg" scope="col">
Module
</th>
<th class="awrbg" scope="col">
Statement
</th>
 ]]> </tableHeaders>
        </classMapping>
        <classMapping><sectionHeader>SQL ordered by User I/O Wait Time</sectionHeader>
            <className>com.chrysaetos.tools.SPSQLSection</className>
            <headerRowCount>1</headerRowCount>
            <columnCount>1</columnCount>
            <terminatingText>nothing</terminatingText>
            <sectionTitle>SQL ordered by User I/O Wait Time</sectionTitle>
        </classMapping>
        <classMapping><sectionHeader>SQL ordered by Gets</sectionHeader>
            <className>com.chrysaetos.tools.SPSQLSection</className>
            <headerRowCount>8</headerRowCount>
            <columnCount>9</columnCount>
            <terminatingText>nothing</terminatingText>
            <sectionTitle>SQL ordered by Gets</sectionTitle>
                                    <tableHeaders><![CDATA[<th class="awrbg" scope="col">
Buffer Gets
</th>
<th class="awrbg" scope="col">
Executions
</th>
<th class="awrbg" scope="col">
Gets per<br/>Exec (s)
</th>
<th class="awrbg" scope="col">
%Total
</th>
<th class="awrbg" scope="col">
CPU<br/>Time (s)
</th>
<th class="awrbg" scope="col">
Elapsed<br/>Time (s)
</th>
<th class="awrbg" scope="col">
Old<br/>Hash Value
</th>
<th class="awrbg" scope="col">
Module
</th>
<th class="awrbg" scope="col">
Statement
</th>
 ]]> </tableHeaders>

        </classMapping>
        <classMapping><sectionHeader>SQL ordered by Reads</sectionHeader>
            <className>com.chrysaetos.tools.SPSQLSection</className>
            <headerRowCount>8</headerRowCount>
            <columnCount>9</columnCount>
            <terminatingText>nothing</terminatingText>
            <sectionTitle>SQL ordered by Reads</sectionTitle>
                                                <tableHeaders><![CDATA[<th class="awrbg" scope="col">
Physical Rds
</th>
<th class="awrbg" scope="col">
Executions
</th>
<th class="awrbg" scope="col">
Rds per<br/>Exec (s)
</th>
<th class="awrbg" scope="col">
%Total
</th>
<th class="awrbg" scope="col">
CPU<br/>Time (s)
</th>
<th class="awrbg" scope="col">
Elapsed<br/>Time (s)
</th>
<th class="awrbg" scope="col">
Old<br/>Hash Value
</th>
<th class="awrbg" scope="col">
Module
</th>
<th class="awrbg" scope="col">
Statement
</th>
 ]]> </tableHeaders>

        </classMapping>
         <classMapping><sectionHeader>SQL ordered by Physical Reads (UnOptimized)</sectionHeader>
            <className>com.chrysaetos.tools.SPSQLSection</className>
            <headerRowCount>1</headerRowCount>
            <columnCount>1</columnCount>
            <terminatingText>nothing</terminatingText>
            <sectionTitle>SQL ordered by Physical Reads (UnOptimized)</sectionTitle>
        </classMapping>
        <classMapping><sectionHeader>SQL ordered by Executions</sectionHeader>
            <className>com.chrysaetos.tools.SPSQLSection</className>
            <headerRowCount>8</headerRowCount>
            <columnCount>8</columnCount>
            <terminatingText>nothing</terminatingText>
            <sectionTitle>SQL ordered by Executions</sectionTitle>
                                                            <tableHeaders><![CDATA[<th class="awrbg" scope="col">
Executions
</th>
<th class="awrbg" scope="col">
Rows Processed
</th>
<th class="awrbg" scope="col">
Rows per Exec<br/>Exec (s)
</th>
<th class="awrbg" scope="col">
CPU per<br/> Exec (s)
</th>
<th class="awrbg" scope="col">
Elap per <br/> exec (s)
</th>
<th class="awrbg" scope="col">
Old<br/>Hash Value
</th>
<th class="awrbg" scope="col">
Module
</th>
<th class="awrbg" scope="col">
Statement
</th>
 ]]> </tableHeaders>
        </classMapping>
        <classMapping><sectionHeader>SQL ordered by Parse Calls</sectionHeader>
            <className>com.chrysaetos.tools.SPSQLSection</className>
            <headerRowCount>8</headerRowCount>
            <columnCount>6</columnCount>
            <terminatingText>nothing</terminatingText>
            <sectionTitle>SQL ordered by Parse Calls</sectionTitle>
                                                            <tableHeaders><![CDATA[<th class="awrbg" scope="col">
Parse Calls
</th>
<th class="awrbg" scope="col">
Executions
</th>
<th class="awrbg" scope="col">
% Total<br/>Parses
</th>
<th class="awrbg" scope="col">
Old<br/>Hash Value
</th>
<th class="awrbg" scope="col">
Module
</th>
<th class="awrbg" scope="col">
Statement
</th>
 ]]> </tableHeaders>
        </classMapping>
        <classMapping><sectionHeader>SQL ordered by Sharable Memory</sectionHeader>
            <className>com.chrysaetos.tools.SPSQLSection</className>
            <headerRowCount>7</headerRowCount>
            <columnCount>8</columnCount>
            <terminatingText>nothing</terminatingText>
            <sectionTitle>SQL ordered by Sharable Memory</sectionTitle>
                                                            <tableHeaders><![CDATA[<th class="awrbg" scope="col">
Max<br/>Sharable<br/>Memory
</th>
<th class="awrbg" scope="col">
End<br/>Sharable<br/>Memory
</th>
<th class="awrbg" scope="col">
Parse Calls<br/>Count
</th>
<th class="awrbg" scope="col">
Executions
</th>
<th class="awrbg" scope="col">
Old<br/>Hash Value
</th>
<th class="awrbg" scope="col">
Module
</th>
<th class="awrbg" scope="col">
Statement
</th>
 ]]> </tableHeaders>
            <!--
    Max         End
 Sharable    Sharable                                        Old
Memory (KB) Memory (KB)  Parse Calls  Executions  % Total Hash Value-->
        </classMapping>
        <classMapping><sectionHeader>SQL ordered by Version Count</sectionHeader>
            <className>com.chrysaetos.tools.SPSQLSection</className>
            <headerRowCount>7</headerRowCount>
            <columnCount>7</columnCount>
            <terminatingText>nothing</terminatingText>
            <sectionTitle>SQL ordered by Version Count</sectionTitle>
                                                            <tableHeaders><![CDATA[<th class="awrbg" scope="col">
Max<br/>Version<br/>Count
</th>
<th class="awrbg" scope="col">
End<br/>Version<br/>Count
</th>
<th class="awrbg" scope="col">
Delta<br/>Version<br/>Count
</th>
<th class="awrbg" scope="col">
Executions
</th>
<th class="awrbg" scope="col">
Old<br/>Hash Value
</th>
<th class="awrbg" scope="col">
Module
</th>
<th class="awrbg" scope="col">
Statement
</th>
 ]]> </tableHeaders>
            <!--
     Max      End    Delta
 Version  Version  Version                 Old
   Count    Count    Count   Executions Hash Value
-->

        </classMapping>
                <classMapping><sectionHeader>OS Statistics</sectionHeader>
            <className>com.chrysaetos.tools.SPInstanceStatsSection</className>
            <headerRowCount>5</headerRowCount>
            <columnCount>2</columnCount>
            <terminatingText>nothing</terminatingText>
            <sectionTitle>OS Statistics</sectionTitle>
                                                            <tableHeaders><![CDATA[<th class="awrbg" scope="col">
Max<br/>Statistic<br/>Count
</th>
<th class="awrbg" scope="col">
End<br/>Total
</th>
 ]]> </tableHeaders>
</classMapping>
<classMapping><sectionHeader>OS Statistics - detail</sectionHeader>
            <className>com.chrysaetos.tools.SPInstanceStatsSection</className>
            <headerRowCount>5</headerRowCount>
            <columnCount>8</columnCount>
            <terminatingText>nothing</terminatingText>
            <sectionTitle>OS Statistics - detail</sectionTitle>
                                                            <tableHeaders><![CDATA[<th class="awrbg" scope="col">
Snap Id
</th>
<th class="awrbg" scope="col">
Snaphot<br/>Day Time
</th>
<th class="awrbg" scope="col">
Load
</th>
<th class="awrbg" scope="col">
%Busy
</th>
<th class="awrbg" scope="col">
%User
</th>
<th class="awrbg" scope="col">
%System
</th>
<th class="awrbg" scope="col">
%WIO
</th>
<th class="awrbg" scope="col">
%WCPU
</th>
 ]]> </tableHeaders>
</classMapping>

<classMapping><sectionHeader>IO Stat by Function - summary</sectionHeader>
            <className>com.chrysaetos.tools.SPInstanceStatsSection</className>
            <headerRowCount>9</headerRowCount>
            <columnCount>9</columnCount>
            <terminatingText>nothing</terminatingText>
            <sectionTitle>IO Stat by Function - summary</sectionTitle>
                                                            
<tableHeaders><![CDATA[
<th class="awrbg" scope="col">
&nbsp;
</th>
<th class="awrbg" scope="col" colspan=3>
Reads
</th>
<th class="awrbg" scope="col" colspan=3>
Writes
</th>
<th class="awrbg" scope="col" colspan=2>
Waits
</th>
</tr>
<tr>
<th class="awrbg" scope="col">
Function
</th>
<th class="awrbg" scope="col">
Data<br/>Volume
</th>
<th class="awrbg" scope="col">
Requests<br/>/sec
</th>
<th class="awrbg" scope="col">
Data<<br/>Vol/sec
</th>
<th class="awrbg" scope="col">
Data<br/>Volume
</th>
<th class="awrbg" scope="col">
Requests<br/>/sec
</th>
<th class="awrbg" scope="col">
Data<<br/>Vol/sec
</th>
<th class="awrbg" scope="col">
Count
</th>
<th class="awrbg" scope="col">
Avg<br/>Tm(ms)
</th>
 ]]> </tableHeaders>
</classMapping>

<classMapping><sectionHeader>IO Stat by Function - detail</sectionHeader>
            <className>com.chrysaetos.tools.SPInstanceStatsSection</className>
            <headerRowCount>9</headerRowCount>
            <columnCount>9</columnCount>
            <terminatingText>nothing</terminatingText>
            <sectionTitle>IO Stat by Function - detail</sectionTitle>
                                                             
<tableHeaders><![CDATA[
<th class="awrbg" scope="col">
&nbsp;
</th>
<th class="awrbg" scope="col" colspan=4>
Read
</th>
<th class="awrbg" scope="col" colspan=4>
Writes
</th>
</tr>
<tr>
<th class="awrbg" scope="col">
Function
</th>
<th class="awrbg" scope="col">
Small<br/>Read<br/>Reqs
</th>
<th class="awrbg" scope="col">
Large<br/>Read<br/>Reqs
</th>
<th class="awrbg" scope="col">
Small<br/>Data<br/> Read<br/>
</th>
<th class="awrbg" scope="col">
Large<br/>Data<br/> Read<br/>
</th>
<th class="awrbg" scope="col">
Small<br/>Write<br/>Reqs
</th>
<th class="awrbg" scope="col">
Large<br/>Write<br/>Reqs
</th>
<th class="awrbg" scope="col">
Small<br/>Data<br/>Writn<br/>
</th>
<th class="awrbg" scope="col">
Large<br/>Data<br/> Writn<br/>
</th>
 ]]> </tableHeaders>
</classMapping>

        <classMapping><sectionHeader>IOStat by Function summary</sectionHeader>
            <className>com.chrysaetos.tools.AWRSection</className>
            <headerRowCount>1</headerRowCount>
            <columnCount>1</columnCount>
            <terminatingText>nothing</terminatingText>
            <sectionTitle>Cache Sizes</sectionTitle>
        </classMapping>
        <classMapping><sectionHeader>IOStat by Filetype summary</sectionHeader>
            <className>com.chrysaetos.tools.AWRSection</className>
            <headerRowCount>1</headerRowCount>
            <columnCount>1</columnCount>
            <terminatingText>nothing</terminatingText>
            <sectionTitle>Cache Sizes</sectionTitle>
        </classMapping>
        <classMapping><sectionHeader>IOStat by Function/Filetype summary</sectionHeader>
            <className>com.chrysaetos.tools.AWRSection</className>
            <headerRowCount>1</headerRowCount>
            <columnCount>1</columnCount>
            <terminatingText>nothing</terminatingText>
            <sectionTitle>Cache Sizes</sectionTitle>
        </classMapping>
 <!--       
        Instance Activity Stats
 -->       
        <classMapping><sectionHeader>Instance Activity Stats</sectionHeader>
            <className>com.chrysaetos.tools.SPInstanceStatsSection</className>
            <headerRowCount>4</headerRowCount>
            <columnCount>4</columnCount>
            <terminatingText>nothing</terminatingText>
            <sectionTitle>Instance Activity Stats</sectionTitle>
                                                             <tableHeaders><![CDATA[<th class="awrbg" scope="col">
Statistic
</th>
<th class="awrbg" scope="col">
Total
</th>
<th class="awrbg" scope="col">
per Second
</th>
<th class="awrbg" scope="col">
Per Trans
</th>
 ]]> </tableHeaders>
           
        </classMapping>
<!--
         Latch Activity
-->
<classMapping><sectionHeader>Latch Activity</sectionHeader>
            <className>com.chrysaetos.tools.SPInstanceStatsSection</className>
            <headerRowCount>10</headerRowCount>
            <columnCount>7</columnCount>
            <terminatingText>nothing</terminatingText>
            <sectionTitle>Latch Activity</sectionTitle>
            <tableHeaders><![CDATA[
<th class="awrbg" scope="col">
Latch
</th>
<th class="awrbg" scope="col">
Get<br/>Requests
</th>
<th class="awrbg" scope="col">
Pct<br/>Get<br/> Miss
</th>
<th class="awrbg" scope="col">
Avg<br/> Slps<br/> /Miss
</th>
<th class="awrbg" scope="col">
Wait<br/> Time<br/> (s)
</th>
<th class="awrbg" scope="col">
NoWait<br/> Requests
</th>
<th class="awrbg" scope="col">
Pct<br/> NoWait<br/> Miss
</th>
 ]]> </tableHeaders>
           
        </classMapping>

<!--
         Latch Sleep breakdown
Latch Name                        Requests       Misses      Sleeps        Gets

-->
<classMapping><sectionHeader>Latch Sleep breakdown</sectionHeader>
            <className>com.chrysaetos.tools.SPInstanceStatsSection</className>
            <headerRowCount>6</headerRowCount>
            <columnCount>5</columnCount>
            <terminatingText>nothing</terminatingText>
            <sectionTitle>Latch Sleep breakdown</sectionTitle>
            <tableHeaders><![CDATA[
<th class="awrbg" scope="col">
Latch Name
</th>
<th class="awrbg" scope="col">
Requests
</th>
<th class="awrbg" scope="col">
Misses
</th>
<th class="awrbg" scope="col">
Sleeps
</th>
<th class="awrbg" scope="col">
Gets
</th>
 ]]> </tableHeaders>
           
        </classMapping>
    
<!--
         Latch Miss Sources
Latch Name               Where                       Misses     Sleeps   Sleeps

-->
<classMapping><sectionHeader>Latch Miss Sources</sectionHeader>
            <className>com.chrysaetos.tools.SPInstanceStatsSection</className>
            <headerRowCount>7</headerRowCount>
            <columnCount>5</columnCount>
            <terminatingText>nothing</terminatingText>
            <sectionTitle>Latch Miss Sources</sectionTitle>
            <tableHeaders><![CDATA[
<th class="awrbg" scope="col">
Latch Name
</th>
<th class="awrbg" scope="col">
Where
</th>
<th class="awrbg" scope="col">
Nowait<br/>Misses
</th>
<th class="awrbg" scope="col">
Sleeps
</th>
<th class="awrbg" scope="col">
Waiter<br/>Sleeps
</th>
 ]]> </tableHeaders>
           
        </classMapping>
        
</classList>